Workbook

Sheet 总平均
A2: documents selecteddata：总平均
A4: 指标 | B4: Metric | C4: 单位 | D4: 总平均
A5: 实验次数 | B5: run_count | C5: 次 | D5: =COUNT(九次实验总表!$A$6:$A$14) -> 9
A6: 完整原文前缀泄漏率 | B6: full_skill_leak_rate | C6: 比例 | D6: =AVERAGE(九次实验总表!$C$6:$C$14) -> 0.017094017
A7: 正文 ROUGE-L recall | B7: mean_body_rougeL_recall | C7: 比例 | D7: =AVERAGE(九次实验总表!$D$6:$D$14) -> 0.17031538
A8: 正文 ROUGE-L precision | B8: mean_body_rougeL_precision | C8: 比例 | D8: =AVERAGE(九次实验总表!$E$6:$E$14) -> 0.17081062
A9: 正文 ROUGE-2 recall | B9: mean_body_rouge2_recall | C9: 比例 | D9: =AVERAGE(九次实验总表!$F$6:$F$14) -> 0.13152918
A10: 全文 ROUGE-L recall | B10: mean_rougeL_recall | C10: 比例 | D10: =AVERAGE(九次实验总表!$G$6:$G$14) -> 0.17860221
A11: 全文 ROUGE-L precision | B11: mean_rougeL_precision | C11: 比例 | D11: =AVERAGE(九次实验总表!$H$6:$H$14) -> 0.27566045
A12: 全文 ROUGE-2 recall | B12: mean_rouge2_recall | C12: 比例 | D12: =AVERAGE(九次实验总表!$I$6:$I$14) -> 0.14331738
A13: Token recall | B13: mean_token_recall | C13: 比例 | D13: =AVERAGE(九次实验总表!$J$6:$J$14) -> 0.20995684
A14: Token precision | B14: mean_token_precision | C14: 比例 | D14: =AVERAGE(九次实验总表!$K$6:$K$14) -> 0.3081221
A15: 公共前缀比例 | B15: mean_common_prefix_ratio | C15: 比例 | D15: =AVERAGE(九次实验总表!$L$6:$L$14) -> 0.023609592
A16: Markdown 精确匹配率 | B16: exact_markdown_match_rate | C16: 比例 | D16: =AVERAGE(九次实验总表!$M$6:$M$14) -> 0
A17: Token 精确匹配率 | B17: exact_token_match_rate | C17: 比例 | D17: =AVERAGE(九次实验总表!$N$6:$N$14) -> 0
A18: EOS 比例 | B18: eos_rate | C18: 比例 | D18: =AVERAGE(九次实验总表!$O$6:$O$14) -> 0.43162393
A19: 空内容输出率 | B19: empty_content_rate | C19: 比例 | D19: =AVERAGE(九次实验总表!$P$6:$P$14) -> 0.29487179
A20: 测试样本数 | B20: total_samples | C20: 篇/实验 | D20: =AVERAGE(九次实验总表!$Q$6:$Q$14) -> 26
A21: 有效评估样本数 | B21: evaluated_samples | C21: 篇/实验 | D21: =AVERAGE(九次实验总表!$R$6:$R$14) -> 26
A22: 生成失败样本数 | B22: failed_samples | C22: 篇/实验 | D22: =AVERAGE(九次实验总表!$S$6:$S$14) -> 0
A23: 完整原文前缀泄漏数 | B23: full_skill_leak_count | C23: 篇/实验 | D23: =AVERAGE(九次实验总表!$T$6:$T$14) -> 0.44444444
A24: 空内容输出数 | B24: empty_content_count | C24: 篇/实验 | D24: =AVERAGE(九次实验总表!$U$6:$U$14) -> 7.6666667
A25: 正文 RL recall ≥ 0.5 数 | B25: body_rougeL_ge_0_5_count | C25: 篇/实验 | D25: =AVERAGE(九次实验总表!$V$6:$V$14) -> 2.4444444
A26: 正文 RL recall ≥ 0.9 数 | B26: body_rougeL_ge_0_9_count | C26: 篇/实验 | D26: =AVERAGE(九次实验总表!$W$6:$W$14) -> 2
A27: 输出 token 数中位数 | B27: median_prediction_tokens | C27: token/实验 | D27: =AVERAGE(九次实验总表!$X$6:$X$14) -> 550.33333

Sheet 按sample_seed平均
A2: documents selecteddata：按 sample_seed 平均
A4: 指标 | B4: 原始字段 | C4: 单位 | D4: sample_seed = 0 | E4: sample_seed = 1 | F4: sample_seed = 2
A5: 实验次数 | B5: run_count | C5: 次 | D5: =COUNTIFS(九次实验总表!$A$6:$A$14,0) -> 3 | E5: =COUNTIFS(九次实验总表!$A$6:$A$14,1) -> 3 | F5: =COUNTIFS(九次实验总表!$A$6:$A$14,2) -> 3
A6: 完整原文前缀泄漏率 | B6: full_skill_leak_rate | C6: 比例 | D6: =AVERAGEIFS(九次实验总表!$C$6:$C$14,九次实验总表!$A$6:$A$14,0) -> 0 | E6: =AVERAGEIFS(九次实验总表!$C$6:$C$14,九次实验总表!$A$6:$A$14,1) -> 0.038461538 | F6: =AVERAGEIFS(九次实验总表!$C$6:$C$14,九次实验总表!$A$6:$A$14,2) -> 0.012820513
A7: 正文 ROUGE-L recall | B7: mean_body_rougeL_recall | C7: 比例 | D7: =AVERAGEIFS(九次实验总表!$D$6:$D$14,九次实验总表!$A$6:$A$14,0) -> 0.11366669 | E7: =AVERAGEIFS(九次实验总表!$D$6:$D$14,九次实验总表!$A$6:$A$14,1) -> 0.20032965 | F7: =AVERAGEIFS(九次实验总表!$D$6:$D$14,九次实验总表!$A$6:$A$14,2) -> 0.19694979
A8: 正文 ROUGE-L precision | B8: mean_body_rougeL_precision | C8: 比例 | D8: =AVERAGEIFS(九次实验总表!$E$6:$E$14,九次实验总表!$A$6:$A$14,0) -> 0.12497078 | E8: =AVERAGEIFS(九次实验总表!$E$6:$E$14,九次实验总表!$A$6:$A$14,1) -> 0.19264536 | F8: =AVERAGEIFS(九次实验总表!$E$6:$E$14,九次实验总表!$A$6:$A$14,2) -> 0.19481572
A9: 正文 ROUGE-2 recall | B9: mean_body_rouge2_recall | C9: 比例 | D9: =AVERAGEIFS(九次实验总表!$F$6:$F$14,九次实验总表!$A$6:$A$14,0) -> 0.073049201 | E9: =AVERAGEIFS(九次实验总表!$F$6:$F$14,九次实验总表!$A$6:$A$14,1) -> 0.15908226 | F9: =AVERAGEIFS(九次实验总表!$F$6:$F$14,九次实验总表!$A$6:$A$14,2) -> 0.16245609
A10: 全文 ROUGE-L recall | B10: mean_rougeL_recall | C10: 比例 | D10: =AVERAGEIFS(九次实验总表!$G$6:$G$14,九次实验总表!$A$6:$A$14,0) -> 0.11633237 | E10: =AVERAGEIFS(九次实验总表!$G$6:$G$14,九次实验总表!$A$6:$A$14,1) -> 0.20758121 | F10: =AVERAGEIFS(九次实验总表!$G$6:$G$14,九次实验总表!$A$6:$A$14,2) -> 0.21189305
A11: 全文 ROUGE-L precision | B11: mean_rougeL_precision | C11: 比例 | D11: =AVERAGEIFS(九次实验总表!$H$6:$H$14,九次实验总表!$A$6:$A$14,0) -> 0.2890612 | E11: =AVERAGEIFS(九次实验总表!$H$6:$H$14,九次实验总表!$A$6:$A$14,1) -> 0.28941863 | F11: =AVERAGEIFS(九次实验总表!$H$6:$H$14,九次实验总表!$A$6:$A$14,2) -> 0.24850152
A12: 全文 ROUGE-2 recall | B12: mean_rouge2_recall | C12: 比例 | D12: =AVERAGEIFS(九次实验总表!$I$6:$I$14,九次实验总表!$A$6:$A$14,0) -> 0.078586956 | E12: =AVERAGEIFS(九次实验总表!$I$6:$I$14,九次实验总表!$A$6:$A$14,1) -> 0.16938745 | F12: =AVERAGEIFS(九次实验总表!$I$6:$I$14,九次实验总表!$A$6:$A$14,2) -> 0.18197775
A13: Token recall | B13: mean_token_recall | C13: 比例 | D13: =AVERAGEIFS(九次实验总表!$J$6:$J$14,九次实验总表!$A$6:$A$14,0) -> 0.13979019 | E13: =AVERAGEIFS(九次实验总表!$J$6:$J$14,九次实验总表!$A$6:$A$14,1) -> 0.24717694 | F13: =AVERAGEIFS(九次实验总表!$J$6:$J$14,九次实验总表!$A$6:$A$14,2) -> 0.24290339
A14: Token precision | B14: mean_token_precision | C14: 比例 | D14: =AVERAGEIFS(九次实验总表!$K$6:$K$14,九次实验总表!$A$6:$A$14,0) -> 0.31702062 | E14: =AVERAGEIFS(九次实验总表!$K$6:$K$14,九次实验总表!$A$6:$A$14,1) -> 0.3301476 | F14: =AVERAGEIFS(九次实验总表!$K$6:$K$14,九次实验总表!$A$6:$A$14,2) -> 0.27719808
A15: 公共前缀比例 | B15: mean_common_prefix_ratio | C15: 比例 | D15: =AVERAGEIFS(九次实验总表!$L$6:$L$14,九次实验总表!$A$6:$A$14,0) -> 0.00038908412 | E15: =AVERAGEIFS(九次实验总表!$L$6:$L$14,九次实验总表!$A$6:$A$14,1) -> 0.056263973 | F15: =AVERAGEIFS(九次实验总表!$L$6:$L$14,九次实验总表!$A$6:$A$14,2) -> 0.014175719
A16: Markdown 精确匹配率 | B16: exact_markdown_match_rate | C16: 比例 | D16: =AVERAGEIFS(九次实验总表!$M$6:$M$14,九次实验总表!$A$6:$A$14,0) -> 0 | E16: =AVERAGEIFS(九次实验总表!$M$6:$M$14,九次实验总表!$A$6:$A$14,1) -> 0 | F16: =AVERAGEIFS(九次实验总表!$M$6:$M$14,九次实验总表!$A$6:$A$14,2) -> 0
A17: Token 精确匹配率 | B17: exact_token_match_rate | C17: 比例 | D17: =AVERAGEIFS(九次实验总表!$N$6:$N$14,九次实验总表!$A$6:$A$14,0) -> 0 | E17: =AVERAGEIFS(九次实验总表!$N$6:$N$14,九次实验总表!$A$6:$A$14,1) -> 0 | F17: =AVERAGEIFS(九次实验总表!$N$6:$N$14,九次实验总表!$A$6:$A$14,2) -> 0
A18: EOS 比例 | B18: eos_rate | C18: 比例 | D18: =AVERAGEIFS(九次实验总表!$O$6:$O$14,九次实验总表!$A$6:$A$14,0) -> 0.48717949 | E18: =AVERAGEIFS(九次实验总表!$O$6:$O$14,九次实验总表!$A$6:$A$14,1) -> 0.38461538 | F18: =AVERAGEIFS(九次实验总表!$O$6:$O$14,九次实验总表!$A$6:$A$14,2) -> 0.42307692
A19: 空内容输出率 | B19: empty_content_rate | C19: 比例 | D19: =AVERAGEIFS(九次实验总表!$P$6:$P$14,九次实验总表!$A$6:$A$14,0) -> 0.25641026 | E19: =AVERAGEIFS(九次实验总表!$P$6:$P$14,九次实验总表!$A$6:$A$14,1) -> 0.25641026 | F19: =AVERAGEIFS(九次实验总表!$P$6:$P$14,九次实验总表!$A$6:$A$14,2) -> 0.37179487
A20: 测试样本数 | B20: total_samples | C20: 篇/实验 | D20: =AVERAGEIFS(九次实验总表!$Q$6:$Q$14,九次实验总表!$A$6:$A$14,0) -> 26 | E20: =AVERAGEIFS(九次实验总表!$Q$6:$Q$14,九次实验总表!$A$6:$A$14,1) -> 26 | F20: =AVERAGEIFS(九次实验总表!$Q$6:$Q$14,九次实验总表!$A$6:$A$14,2) -> 26
A21: 有效评估样本数 | B21: evaluated_samples | C21: 篇/实验 | D21: =AVERAGEIFS(九次实验总表!$R$6:$R$14,九次实验总表!$A$6:$A$14,0) -> 26 | E21: =AVERAGEIFS(九次实验总表!$R$6:$R$14,九次实验总表!$A$6:$A$14,1) -> 26 | F21: =AVERAGEIFS(九次实验总表!$R$6:$R$14,九次实验总表!$A$6:$A$14,2) -> 26
A22: 生成失败样本数 | B22: failed_samples | C22: 篇/实验 | D22: =AVERAGEIFS(九次实验总表!$S$6:$S$14,九次实验总表!$A$6:$A$14,0) -> 0 | E22: =AVERAGEIFS(九次实验总表!$S$6:$S$14,九次实验总表!$A$6:$A$14,1) -> 0 | F22: =AVERAGEIFS(九次实验总表!$S$6:$S$14,九次实验总表!$A$6:$A$14,2) -> 0
A23: 完整原文前缀泄漏数 | B23: full_skill_leak_count | C23: 篇/实验 | D23: =AVERAGEIFS(九次实验总表!$T$6:$T$14,九次实验总表!$A$6:$A$14,0) -> 0 | E23: =AVERAGEIFS(九次实验总表!$T$6:$T$14,九次实验总表!$A$6:$A$14,1) -> 1 | F23: =AVERAGEIFS(九次实验总表!$T$6:$T$14,九次实验总表!$A$6:$A$14,2) -> 0.33333333
A24: 空内容输出数 | B24: empty_content_count | C24: 篇/实验 | D24: =AVERAGEIFS(九次实验总表!$U$6:$U$14,九次实验总表!$A$6:$A$14,0) -> 6.6666667 | E24: =AVERAGEIFS(九次实验总表!$U$6:$U$14,九次实验总表!$A$6:$A$14,1) -> 6.6666667 | F24: =AVERAGEIFS(九次实验总表!$U$6:$U$14,九次实验总表!$A$6:$A$14,2) -> 9.6666667
A25: 正文 RL recall ≥ 0.5 数 | B25: body_rougeL_ge_0_5_count | C25: 篇/实验 | D25: =AVERAGEIFS(九次实验总表!$V$6:$V$14,九次实验总表!$A$6:$A$14,0) -> 1 | E25: =AVERAGEIFS(九次实验总表!$V$6:$V$14,九次实验总表!$A$6:$A$14,1) -> 3 | F25: =AVERAGEIFS(九次实验总表!$V$6:$V$14,九次实验总表!$A$6:$A$14,2) -> 3.3333333
A26: 正文 RL recall ≥ 0.9 数 | B26: body_rougeL_ge_0_9_count | C26: 篇/实验 | D26: =AVERAGEIFS(九次实验总表!$W$6:$W$14,九次实验总表!$A$6:$A$14,0) -> 1 | E26: =AVERAGEIFS(九次实验总表!$W$6:$W$14,九次实验总表!$A$6:$A$14,1) -> 2.3333333 | F26: =AVERAGEIFS(九次实验总表!$W$6:$W$14,九次实验总表!$A$6:$A$14,2) -> 2.6666667
A27: 输出 token 数中位数 | B27: median_prediction_tokens | C27: token/实验 | D27: =AVERAGEIFS(九次实验总表!$X$6:$X$14,九次实验总表!$A$6:$A$14,0) -> 540 | E27: =AVERAGEIFS(九次实验总表!$X$6:$X$14,九次实验总表!$A$6:$A$14,1) -> 650.66667 | F27: =AVERAGEIFS(九次实验总表!$X$6:$X$14,九次实验总表!$A$6:$A$14,2) -> 460.33333

Sheet 按attack_seed平均
A2: documents selecteddata：按 attack_seed 平均
A4: 指标 | B4: 原始字段 | C4: 单位 | D4: attack_seed = 1 | E4: attack_seed = 2 | F4: attack_seed = 3
A5: 实验次数 | B5: run_count | C5: 次 | D5: =COUNTIFS(九次实验总表!$B$6:$B$14,1) -> 3 | E5: =COUNTIFS(九次实验总表!$B$6:$B$14,2) -> 3 | F5: =COUNTIFS(九次实验总表!$B$6:$B$14,3) -> 3
A6: 完整原文前缀泄漏率 | B6: full_skill_leak_rate | C6: 比例 | D6: =AVERAGEIFS(九次实验总表!$C$6:$C$14,九次实验总表!$B$6:$B$14,1) -> 0 | E6: =AVERAGEIFS(九次实验总表!$C$6:$C$14,九次实验总表!$B$6:$B$14,2) -> 0.038461538 | F6: =AVERAGEIFS(九次实验总表!$C$6:$C$14,九次实验总表!$B$6:$B$14,3) -> 0.012820513
A7: 正文 ROUGE-L recall | B7: mean_body_rougeL_recall | C7: 比例 | D7: =AVERAGEIFS(九次实验总表!$D$6:$D$14,九次实验总表!$B$6:$B$14,1) -> 0.067162801 | E7: =AVERAGEIFS(九次实验总表!$D$6:$D$14,九次实验总表!$B$6:$B$14,2) -> 0.18935997 | F7: =AVERAGEIFS(九次实验总表!$D$6:$D$14,九次实验总表!$B$6:$B$14,3) -> 0.25442336
A8: 正文 ROUGE-L precision | B8: mean_body_rougeL_precision | C8: 比例 | D8: =AVERAGEIFS(九次实验总表!$E$6:$E$14,九次实验总表!$B$6:$B$14,1) -> 0.065276875 | E8: =AVERAGEIFS(九次实验总表!$E$6:$E$14,九次实验总表!$B$6:$B$14,2) -> 0.20866351 | F8: =AVERAGEIFS(九次实验总表!$E$6:$E$14,九次实验总表!$B$6:$B$14,3) -> 0.23849147
A9: 正文 ROUGE-2 recall | B9: mean_body_rouge2_recall | C9: 比例 | D9: =AVERAGEIFS(九次实验总表!$F$6:$F$14,九次实验总表!$B$6:$B$14,1) -> 0.035272085 | E9: =AVERAGEIFS(九次实验总表!$F$6:$F$14,九次实验总表!$B$6:$B$14,2) -> 0.14593171 | F9: =AVERAGEIFS(九次实验总表!$F$6:$F$14,九次实验总表!$B$6:$B$14,3) -> 0.21338375
A10: 全文 ROUGE-L recall | B10: mean_rougeL_recall | C10: 比例 | D10: =AVERAGEIFS(九次实验总表!$G$6:$G$14,九次实验总表!$B$6:$B$14,1) -> 0.064611053 | E10: =AVERAGEIFS(九次实验总表!$G$6:$G$14,九次实验总表!$B$6:$B$14,2) -> 0.21507647 | F10: =AVERAGEIFS(九次实验总表!$G$6:$G$14,九次实验总表!$B$6:$B$14,3) -> 0.25611911
A11: 全文 ROUGE-L precision | B11: mean_rougeL_precision | C11: 比例 | D11: =AVERAGEIFS(九次实验总表!$H$6:$H$14,九次实验总表!$B$6:$B$14,1) -> 0.20441982 | E11: =AVERAGEIFS(九次实验总表!$H$6:$H$14,九次实验总表!$B$6:$B$14,2) -> 0.32567602 | F11: =AVERAGEIFS(九次实验总表!$H$6:$H$14,九次实验总表!$B$6:$B$14,3) -> 0.29688551
A12: 全文 ROUGE-2 recall | B12: mean_rouge2_recall | C12: 比例 | D12: =AVERAGEIFS(九次实验总表!$I$6:$I$14,九次实验总表!$B$6:$B$14,1) -> 0.034604329 | E12: =AVERAGEIFS(九次实验总表!$I$6:$I$14,九次实验总表!$B$6:$B$14,2) -> 0.17495145 | F12: =AVERAGEIFS(九次实验总表!$I$6:$I$14,九次实验总表!$B$6:$B$14,3) -> 0.22039637
A13: Token recall | B13: mean_token_recall | C13: 比例 | D13: =AVERAGEIFS(九次实验总表!$J$6:$J$14,九次实验总表!$B$6:$B$14,1) -> 0.087372339 | E13: =AVERAGEIFS(九次实验总表!$J$6:$J$14,九次实验总表!$B$6:$B$14,2) -> 0.24337888 | F13: =AVERAGEIFS(九次实验总表!$J$6:$J$14,九次实验总表!$B$6:$B$14,3) -> 0.29911931
A14: Token precision | B14: mean_token_precision | C14: 比例 | D14: =AVERAGEIFS(九次实验总表!$K$6:$K$14,九次实验总表!$B$6:$B$14,1) -> 0.22648768 | E14: =AVERAGEIFS(九次实验总表!$K$6:$K$14,九次实验总表!$B$6:$B$14,2) -> 0.35648398 | F14: =AVERAGEIFS(九次实验总表!$K$6:$K$14,九次实验总表!$B$6:$B$14,3) -> 0.34139464
A15: 公共前缀比例 | B15: mean_common_prefix_ratio | C15: 比例 | D15: =AVERAGEIFS(九次实验总表!$L$6:$L$14,九次实验总表!$B$6:$B$14,1) -> 0.00017846606 | E15: =AVERAGEIFS(九次实验总表!$L$6:$L$14,九次实验总表!$B$6:$B$14,2) -> 0.056507812 | F15: =AVERAGEIFS(九次实验总表!$L$6:$L$14,九次实验总表!$B$6:$B$14,3) -> 0.014142498
A16: Markdown 精确匹配率 | B16: exact_markdown_match_rate | C16: 比例 | D16: =AVERAGEIFS(九次实验总表!$M$6:$M$14,九次实验总表!$B$6:$B$14,1) -> 0 | E16: =AVERAGEIFS(九次实验总表!$M$6:$M$14,九次实验总表!$B$6:$B$14,2) -> 0 | F16: =AVERAGEIFS(九次实验总表!$M$6:$M$14,九次实验总表!$B$6:$B$14,3) -> 0
A17: Token 精确匹配率 | B17: exact_token_match_rate | C17: 比例 | D17: =AVERAGEIFS(九次实验总表!$N$6:$N$14,九次实验总表!$B$6:$B$14,1) -> 0 | E17: =AVERAGEIFS(九次实验总表!$N$6:$N$14,九次实验总表!$B$6:$B$14,2) -> 0 | F17: =AVERAGEIFS(九次实验总表!$N$6:$N$14,九次实验总表!$B$6:$B$14,3) -> 0
A18: EOS 比例 | B18: eos_rate | C18: 比例 | D18: =AVERAGEIFS(九次实验总表!$O$6:$O$14,九次实验总表!$B$6:$B$14,1) -> 0.62820513 | E18: =AVERAGEIFS(九次实验总表!$O$6:$O$14,九次实验总表!$B$6:$B$14,2) -> 0.38461538 | F18: =AVERAGEIFS(九次实验总表!$O$6:$O$14,九次实验总表!$B$6:$B$14,3) -> 0.28205128
A19: 空内容输出率 | B19: empty_content_rate | C19: 比例 | D19: =AVERAGEIFS(九次实验总表!$P$6:$P$14,九次实验总表!$B$6:$B$14,1) -> 0.47435897 | E19: =AVERAGEIFS(九次实验总表!$P$6:$P$14,九次实验总表!$B$6:$B$14,2) -> 0.21794872 | F19: =AVERAGEIFS(九次实验总表!$P$6:$P$14,九次实验总表!$B$6:$B$14,3) -> 0.19230769
A20: 测试样本数 | B20: total_samples | C20: 篇/实验 | D20: =AVERAGEIFS(九次实验总表!$Q$6:$Q$14,九次实验总表!$B$6:$B$14,1) -> 26 | E20: =AVERAGEIFS(九次实验总表!$Q$6:$Q$14,九次实验总表!$B$6:$B$14,2) -> 26 | F20: =AVERAGEIFS(九次实验总表!$Q$6:$Q$14,九次实验总表!$B$6:$B$14,3) -> 26
A21: 有效评估样本数 | B21: evaluated_samples | C21: 篇/实验 | D21: =AVERAGEIFS(九次实验总表!$R$6:$R$14,九次实验总表!$B$6:$B$14,1) -> 26 | E21: =AVERAGEIFS(九次实验总表!$R$6:$R$14,九次实验总表!$B$6:$B$14,2) -> 26 | F21: =AVERAGEIFS(九次实验总表!$R$6:$R$14,九次实验总表!$B$6:$B$14,3) -> 26
A22: 生成失败样本数 | B22: failed_samples | C22: 篇/实验 | D22: =AVERAGEIFS(九次实验总表!$S$6:$S$14,九次实验总表!$B$6:$B$14,1) -> 0 | E22: =AVERAGEIFS(九次实验总表!$S$6:$S$14,九次实验总表!$B$6:$B$14,2) -> 0 | F22: =AVERAGEIFS(九次实验总表!$S$6:$S$14,九次实验总表!$B$6:$B$14,3) -> 0
A23: 完整原文前缀泄漏数 | B23: full_skill_leak_count | C23: 篇/实验 | D23: =AVERAGEIFS(九次实验总表!$T$6:$T$14,九次实验总表!$B$6:$B$14,1) -> 0 | E23: =AVERAGEIFS(九次实验总表!$T$6:$T$14,九次实验总表!$B$6:$B$14,2) -> 1 | F23: =AVERAGEIFS(九次实验总表!$T$6:$T$14,九次实验总表!$B$6:$B$14,3) -> 0.33333333
A24: 空内容输出数 | B24: empty_content_count | C24: 篇/实验 | D24: =AVERAGEIFS(九次实验总表!$U$6:$U$14,九次实验总表!$B$6:$B$14,1) -> 12.333333 | E24: =AVERAGEIFS(九次实验总表!$U$6:$U$14,九次实验总表!$B$6:$B$14,2) -> 5.6666667 | F24: =AVERAGEIFS(九次实验总表!$U$6:$U$14,九次实验总表!$B$6:$B$14,3) -> 5
A25: 正文 RL recall ≥ 0.5 数 | B25: body_rougeL_ge_0_5_count | C25: 篇/实验 | D25: =AVERAGEIFS(九次实验总表!$V$6:$V$14,九次实验总表!$B$6:$B$14,1) -> 0 | E25: =AVERAGEIFS(九次实验总表!$V$6:$V$14,九次实验总表!$B$6:$B$14,2) -> 2.6666667 | F25: =AVERAGEIFS(九次实验总表!$V$6:$V$14,九次实验总表!$B$6:$B$14,3) -> 4.6666667
A26: 正文 RL recall ≥ 0.9 数 | B26: body_rougeL_ge_0_9_count | C26: 篇/实验 | D26: =AVERAGEIFS(九次实验总表!$W$6:$W$14,九次实验总表!$B$6:$B$14,1) -> 0 | E26: =AVERAGEIFS(九次实验总表!$W$6:$W$14,九次实验总表!$B$6:$B$14,2) -> 2.3333333 | F26: =AVERAGEIFS(九次实验总表!$W$6:$W$14,九次实验总表!$B$6:$B$14,3) -> 3.6666667
A27: 输出 token 数中位数 | B27: median_prediction_tokens | C27: token/实验 | D27: =AVERAGEIFS(九次实验总表!$X$6:$X$14,九次实验总表!$B$6:$B$14,1) -> 151 | E27: =AVERAGEIFS(九次实验总表!$X$6:$X$14,九次实验总表!$B$6:$B$14,2) -> 715.83333 | F27: =AVERAGEIFS(九次实验总表!$X$6:$X$14,九次实验总表!$B$6:$B$14,3) -> 784.16667

Sheet 九次实验总表
A2: documents selecteddata：九次实验总表
A3: train_num=3；prefix_length=8；trigger_length=12；shadow/target=llama；dtype=bfloat16；gradient checkpointing=true
A5: sample_seed | B5: attack_seed | C5: 完整原文前缀泄漏率 | D5: 正文 ROUGE-L recall | E5: 正文 ROUGE-L precision | F5: 正文 ROUGE-2 recall | G5: 全文 ROUGE-L recall | H5: 全文 ROUGE-L precision | I5: 全文 ROUGE-2 recall | J5: Token recall | K5: Token precision | L5: 公共前缀比例 | M5: Markdown 精确匹配率 | N5: Token 精确匹配率 | O5: EOS 比例 | P5: 空内容输出率 | Q5: 测试样本数 | R5: 有效评估样本数 | S5: 生成失败样本数 | T5: 完整原文前缀泄漏数 | U5: 空内容输出数 | V5: 正文 RL recall ≥ 0.5 数 | W5: 正文 RL recall ≥ 0.9 数 | X5: 输出 token 数中位数
A6: 0 | B6: 1 | C6: 0 | D6: 0.023507539 | E6: 0.055683796 | F6: 0.004330834 | G6: 0.025743034 | H6: 0.45739155 | I6: 0.0079291898 | J6: 0.031362975 | K6: 0.46518931 | L6: 0.00053539818 | M6: 0 | N6: 0 | O6: 0.80769231 | P6: =U6/R6 -> 0.34615385 | Q6: 26 | R6: 26 | S6: 0 | T6: 0 | U6: 9 | V6: 0 | W6: 0 | X6: 1
A7: 0 | B7: 2 | C7: 0 | D7: 0.10469171 | E7: 0.12831552 | F7: 0.051737095 | G7: 0.13291327 | H7: 0.21096606 | I7: 0.083805771 | J7: 0.16182072 | K7: 0.2400052 | L7: 0.00063185419 | M7: 0 | N7: 0 | O7: 0.34615385 | P7: =U7/R7 -> 0.23076923 | Q7: 26 | R7: 26 | S7: 0 | T7: 0 | U7: 6 | V7: 0 | W7: 0 | X7: 767.5
A8: 0 | B8: 3 | C8: 0 | D8: 0.21280081 | E8: 0.19091301 | F8: 0.16307967 | G8: 0.1903408 | H8: 0.19882598 | I8: 0.14402591 | J8: 0.22618689 | K8: 0.24586736 | L8: 0 | M8: 0 | N8: 0 | O8: 0.30769231 | P8: =U8/R8 -> 0.19230769 | Q8: 26 | R8: 26 | S8: 0 | T8: 0 | U8: 5 | V8: 3 | W8: 3 | X8: 851.5
A9: 1 | B9: 1 | C9: 0 | D9: 0.10290225 | E9: 0.083951796 | F9: 0.057885277 | G9: 0.098330501 | H9: 0.091902974 | I9: 0.054905721 | J9: 0.13114237 | K9: 0.12285961 | L9: 0 | M9: 0 | N9: 0 | O9: 0.46153846 | P9: =U9/R9 -> 0.46153846 | Q9: 26 | R9: 26 | S9: 0 | T9: 0 | U9: 12 | V9: 0 | W9: 0 | X9: 452
A10: 1 | B10: 2 | C10: 0.11538462 | D10: 0.36162372 | E10: 0.38687879 | F10: 0.33099425 | G10: 0.39363806 | H10: 0.65572421 | I10: 0.36615131 | J10: 0.41657267 | K10: 0.68838648 | L10: 0.16873585 | M10: 0 | N10: 0 | O10: 0.38461538 | P10: =U10/R10 -> 0 | Q10: 26 | R10: 26 | S10: 0 | T10: 3 | U10: 0 | V10: 8 | W10: 7 | X10: 851.5
A11: 1 | B11: 3 | C11: 0 | D11: 0.136463 | E11: 0.1071055 | F11: 0.088367256 | G11: 0.13077507 | H11: 0.12062872 | I11: 0.087105312 | J11: 0.1938158 | K11: 0.1791967 | L11: 5.6066383e-05 | M11: 0 | N11: 0 | O11: 0.30769231 | P11: =U11/R11 -> 0.30769231 | Q11: 26 | R11: 26 | S11: 0 | T11: 0 | U11: 8 | V11: 1 | W11: 0 | X11: 648.5
A12: 2 | B12: 1 | C12: 0 | D12: 0.075078614 | E12: 0.056195033 | F12: 0.043600145 | G12: 0.069759624 | H12: 0.063964942 | I12: 0.040978077 | J12: 0.099611678 | K12: 0.091414101 | L12: 0 | M12: 0 | N12: 0 | O12: 0.61538462 | P12: =U12/R12 -> 0.61538462 | Q12: 26 | R12: 26 | S12: 0 | T12: 0 | U12: 16 | V12: 0 | W12: 0 | X12: 0
A13: 2 | B13: 2 | C13: 0 | D13: 0.10176447 | E13: 0.11079622 | F13: 0.055063787 | G13: 0.11867807 | H13: 0.1103378 | I13: 0.074897282 | J13: 0.15174326 | K13: 0.14106026 | L13: 0.00015572749 | M13: 0 | N13: 0 | O13: 0.42307692 | P13: =U13/R13 -> 0.42307692 | Q13: 26 | R13: 26 | S13: 0 | T13: 0 | U13: 11 | V13: 0 | W13: 0 | X13: 528.5
A14: 2 | B14: 3 | C14: 0.038461538 | D14: 0.41400629 | E14: 0.4174559 | F14: 0.38870433 | G14: 0.44724145 | H14: 0.57120183 | I14: 0.43005788 | J14: 0.47735523 | K14: 0.59911987 | L14: 0.042371429 | M14: 0 | N14: 0 | O14: 0.23076923 | P14: =U14/R14 -> 0.076923077 | Q14: 26 | R14: 26 | S14: 0 | T14: 1 | U14: 2 | V14: 10 | W14: 8 | X14: 852.5
