Workbook

Sheet 总平均
A2: documents fulldata：总平均
A4: 指标 | B4: Metirc | C4: 单位 | D4: 总平均
A5: 实验次数 | B5: run_count | C5: 次 | D5: =COUNT(九次实验总表!$A$6:$A$14) -> 9
A6: 完整原文前缀泄漏率 | B6: full_skill_leak_rate | C6: 比例 | D6: =IF(COUNT(九次实验总表!$C$6:$C$14)=D$5,AVERAGE(九次实验总表!$C$6:$C$14),"待补评") -> 0.0056508715
A7: 正文 ROUGE-L recall | B7: mean_body_rougeL_recall | C7: 比例 | D7: =IF(COUNT(九次实验总表!$D$6:$D$14)=D$5,AVERAGE(九次实验总表!$D$6:$D$14),"待补评") -> 0.1731481
A8: 正文 ROUGE-L precision | B8: mean_body_rougeL_precision | C8: 比例 | D8: =IF(COUNT(九次实验总表!$E$6:$E$14)=D$5,AVERAGE(九次实验总表!$E$6:$E$14),"待补评") -> 0.18541496
A9: 正文 ROUGE-2 recall | B9: mean_body_rouge2_recall | C9: 比例 | D9: =IF(COUNT(九次实验总表!$F$6:$F$14)=D$5,AVERAGE(九次实验总表!$F$6:$F$14),"待补评") -> 0.13445716
A10: 全文 ROUGE-L recall | B10: mean_rougeL_recall | C10: 比例 | D10: =IF(COUNT(九次实验总表!$G$6:$G$14)=D$5,AVERAGE(九次实验总表!$G$6:$G$14),"待补评") -> 0.16690624
A11: 全文 ROUGE-L precision | B11: mean_rougeL_precision | C11: 比例 | D11: =IF(COUNT(九次实验总表!$H$6:$H$14)=D$5,AVERAGE(九次实验总表!$H$6:$H$14),"待补评") -> 0.24457879
A12: 全文 ROUGE-2 recall | B12: mean_rouge2_recall | C12: 比例 | D12: =IF(COUNT(九次实验总表!$I$6:$I$14)=D$5,AVERAGE(九次实验总表!$I$6:$I$14),"待补评") -> 0.13046472
A13: Token recall | B13: mean_token_recall | C13: 比例 | D13: =IF(COUNT(九次实验总表!$J$6:$J$14)=D$5,AVERAGE(九次实验总表!$J$6:$J$14),"待补评") -> 0.21312324
A14: Token precision | B14: mean_token_precision | C14: 比例 | D14: =IF(COUNT(九次实验总表!$K$6:$K$14)=D$5,AVERAGE(九次实验总表!$K$6:$K$14),"待补评") -> 0.29866031
A15: 公共前缀比例 | B15: mean_common_prefix_ratio | C15: 比例 | D15: =IF(COUNT(九次实验总表!$L$6:$L$14)=D$5,AVERAGE(九次实验总表!$L$6:$L$14),"待补评") -> 0.012484398
A16: Markdown 精确匹配率 | B16: exact_markdown_match_rate | C16: 比例 | D16: =IF(COUNT(九次实验总表!$M$6:$M$14)=D$5,AVERAGE(九次实验总表!$M$6:$M$14),"待补评") -> 0
A17: Token 精确匹配率 | B17: exact_token_match_rate | C17: 比例 | D17: =IF(COUNT(九次实验总表!$N$6:$N$14)=D$5,AVERAGE(九次实验总表!$N$6:$N$14),"待补评") -> 0
A18: EOS 比例 | B18: eos_rate | C18: 比例 | D18: =IF(COUNT(九次实验总表!$O$6:$O$14)=D$5,AVERAGE(九次实验总表!$O$6:$O$14),"待补评") -> 0.35547144
A19: 空内容输出率 | B19: empty_content_rate | C19: 比例 | D19: =IF(COUNT(九次实验总表!$P$6:$P$14)=D$5,AVERAGE(九次实验总表!$P$6:$P$14),"待补评") -> 0.23757625
A20: 测试样本数 | B20: total_samples | C20: 篇/实验 | D20: =IF(COUNT(九次实验总表!$Q$6:$Q$14)=D$5,AVERAGE(九次实验总表!$Q$6:$Q$14),"待补评") -> 67.333333
A21: 有效评估样本数 | B21: evaluated_samples | C21: 篇/实验 | D21: =IF(COUNT(九次实验总表!$R$6:$R$14)=D$5,AVERAGE(九次实验总表!$R$6:$R$14),"待补评") -> 57.888889
A22: 生成失败样本数 | B22: failed_samples | C22: 篇/实验 | D22: =IF(COUNT(九次实验总表!$S$6:$S$14)=D$5,AVERAGE(九次实验总表!$S$6:$S$14),"待补评") -> 9.4444444
A23: 完整原文前缀泄漏数 | B23: full_skill_leak_count | C23: 篇/实验 | D23: =IF(COUNT(九次实验总表!$T$6:$T$14)=D$5,AVERAGE(九次实验总表!$T$6:$T$14),"待补评") -> 0.33333333
A24: 空内容输出数 | B24: empty_content_count | C24: 篇/实验 | D24: =IF(COUNT(九次实验总表!$U$6:$U$14)=D$5,AVERAGE(九次实验总表!$U$6:$U$14),"待补评") -> 14.333333
A25: 正文 RL recall ≥ 0.5 数 | B25: body_rougeL_ge_0_5_count | C25: 篇/实验 | D25: =IF(COUNT(九次实验总表!$V$6:$V$14)=D$5,AVERAGE(九次实验总表!$V$6:$V$14),"待补评") -> 5
A26: 正文 RL recall ≥ 0.9 数 | B26: body_rougeL_ge_0_9_count | C26: 篇/实验 | D26: =IF(COUNT(九次实验总表!$W$6:$W$14)=D$5,AVERAGE(九次实验总表!$W$6:$W$14),"待补评") -> 3.3333333
A27: 输出 token 数中位数 | B27: median_prediction_tokens | C27: token/实验 | D27: =IF(COUNT(九次实验总表!$X$6:$X$14)=D$5,AVERAGE(九次实验总表!$X$6:$X$14),"待补评") -> 1063.7222

Sheet 按sample_seed平均
A2: documents fulldata：按 sample_seed 平均
A4: 指标 | B4: 原始字段 | C4: 单位 | D4: sample_seed = 0 | E4: sample_seed = 1 | F4: sample_seed = 2
A5: 实验次数 | B5: run_count | C5: 次 | D5: =COUNTIFS(九次实验总表!$A$6:$A$14,0) -> 3 | E5: =COUNTIFS(九次实验总表!$A$6:$A$14,1) -> 3 | F5: =COUNTIFS(九次实验总表!$A$6:$A$14,2) -> 3
A6: 完整原文前缀泄漏率 | B6: full_skill_leak_rate | C6: 比例 | D6: =IF(COUNTIFS(九次实验总表!$A$6:$A$14,0,九次实验总表!$C$6:$C$14,">=0")=D$5,AVERAGEIFS(九次实验总表!$C$6:$C$14,九次实验总表!$A$6:$A$14,0),"待补评") -> 0 | E6: =IF(COUNTIFS(九次实验总表!$A$6:$A$14,1,九次实验总表!$C$6:$C$14,">=0")=E$5,AVERAGEIFS(九次实验总表!$C$6:$C$14,九次实验总表!$A$6:$A$14,1),"待补评") -> 0.010416667 | F6: =IF(COUNTIFS(九次实验总表!$A$6:$A$14,2,九次实验总表!$C$6:$C$14,">=0")=F$5,AVERAGEIFS(九次实验总表!$C$6:$C$14,九次实验总表!$A$6:$A$14,2),"待补评") -> 0.0065359477
A7: 正文 ROUGE-L recall | B7: mean_body_rougeL_recall | C7: 比例 | D7: =IF(COUNTIFS(九次实验总表!$A$6:$A$14,0,九次实验总表!$D$6:$D$14,">=0")=D$5,AVERAGEIFS(九次实验总表!$D$6:$D$14,九次实验总表!$A$6:$A$14,0),"待补评") -> 0.089803583 | E7: =IF(COUNTIFS(九次实验总表!$A$6:$A$14,1,九次实验总表!$D$6:$D$14,">=0")=E$5,AVERAGEIFS(九次实验总表!$D$6:$D$14,九次实验总表!$A$6:$A$14,1),"待补评") -> 0.19557864 | F7: =IF(COUNTIFS(九次实验总表!$A$6:$A$14,2,九次实验总表!$D$6:$D$14,">=0")=F$5,AVERAGEIFS(九次实验总表!$D$6:$D$14,九次实验总表!$A$6:$A$14,2),"待补评") -> 0.23406207
A8: 正文 ROUGE-L precision | B8: mean_body_rougeL_precision | C8: 比例 | D8: =IF(COUNTIFS(九次实验总表!$A$6:$A$14,0,九次实验总表!$E$6:$E$14,">=0")=D$5,AVERAGEIFS(九次实验总表!$E$6:$E$14,九次实验总表!$A$6:$A$14,0),"待补评") -> 0.1048308 | E8: =IF(COUNTIFS(九次实验总表!$A$6:$A$14,1,九次实验总表!$E$6:$E$14,">=0")=E$5,AVERAGEIFS(九次实验总表!$E$6:$E$14,九次实验总表!$A$6:$A$14,1),"待补评") -> 0.20767601 | F8: =IF(COUNTIFS(九次实验总表!$A$6:$A$14,2,九次实验总表!$E$6:$E$14,">=0")=F$5,AVERAGEIFS(九次实验总表!$E$6:$E$14,九次实验总表!$A$6:$A$14,2),"待补评") -> 0.24373806
A9: 正文 ROUGE-2 recall | B9: mean_body_rouge2_recall | C9: 比例 | D9: =IF(COUNTIFS(九次实验总表!$A$6:$A$14,0,九次实验总表!$F$6:$F$14,">=0")=D$5,AVERAGEIFS(九次实验总表!$F$6:$F$14,九次实验总表!$A$6:$A$14,0),"待补评") -> 0.059464365 | E9: =IF(COUNTIFS(九次实验总表!$A$6:$A$14,1,九次实验总表!$F$6:$F$14,">=0")=E$5,AVERAGEIFS(九次实验总表!$F$6:$F$14,九次实验总表!$A$6:$A$14,1),"待补评") -> 0.16032775 | F9: =IF(COUNTIFS(九次实验总表!$A$6:$A$14,2,九次实验总表!$F$6:$F$14,">=0")=F$5,AVERAGEIFS(九次实验总表!$F$6:$F$14,九次实验总表!$A$6:$A$14,2),"待补评") -> 0.18357937
A10: 全文 ROUGE-L recall | B10: mean_rougeL_recall | C10: 比例 | D10: =IF(COUNTIFS(九次实验总表!$A$6:$A$14,0,九次实验总表!$G$6:$G$14,">=0")=D$5,AVERAGEIFS(九次实验总表!$G$6:$G$14,九次实验总表!$A$6:$A$14,0),"待补评") -> 0.086601445 | E10: =IF(COUNTIFS(九次实验总表!$A$6:$A$14,1,九次实验总表!$G$6:$G$14,">=0")=E$5,AVERAGEIFS(九次实验总表!$G$6:$G$14,九次实验总表!$A$6:$A$14,1),"待补评") -> 0.18648693 | F10: =IF(COUNTIFS(九次实验总表!$A$6:$A$14,2,九次实验总表!$G$6:$G$14,">=0")=F$5,AVERAGEIFS(九次实验总表!$G$6:$G$14,九次实验总表!$A$6:$A$14,2),"待补评") -> 0.22763034
A11: 全文 ROUGE-L precision | B11: mean_rougeL_precision | C11: 比例 | D11: =IF(COUNTIFS(九次实验总表!$A$6:$A$14,0,九次实验总表!$H$6:$H$14,">=0")=D$5,AVERAGEIFS(九次实验总表!$H$6:$H$14,九次实验总表!$A$6:$A$14,0),"待补评") -> 0.11775179 | E11: =IF(COUNTIFS(九次实验总表!$A$6:$A$14,1,九次实验总表!$H$6:$H$14,">=0")=E$5,AVERAGEIFS(九次实验总表!$H$6:$H$14,九次实验总表!$A$6:$A$14,1),"待补评") -> 0.35271303 | F11: =IF(COUNTIFS(九次实验总表!$A$6:$A$14,2,九次实验总表!$H$6:$H$14,">=0")=F$5,AVERAGEIFS(九次实验总表!$H$6:$H$14,九次实验总表!$A$6:$A$14,2),"待补评") -> 0.26327154
A12: 全文 ROUGE-2 recall | B12: mean_rouge2_recall | C12: 比例 | D12: =IF(COUNTIFS(九次实验总表!$A$6:$A$14,0,九次实验总表!$I$6:$I$14,">=0")=D$5,AVERAGEIFS(九次实验总表!$I$6:$I$14,九次实验总表!$A$6:$A$14,0),"待补评") -> 0.057504699 | E12: =IF(COUNTIFS(九次实验总表!$A$6:$A$14,1,九次实验总表!$I$6:$I$14,">=0")=E$5,AVERAGEIFS(九次实验总表!$I$6:$I$14,九次实验总表!$A$6:$A$14,1),"待补评") -> 0.15352692 | F12: =IF(COUNTIFS(九次实验总表!$A$6:$A$14,2,九次实验总表!$I$6:$I$14,">=0")=F$5,AVERAGEIFS(九次实验总表!$I$6:$I$14,九次实验总表!$A$6:$A$14,2),"待补评") -> 0.18036255
A13: Token recall | B13: mean_token_recall | C13: 比例 | D13: =IF(COUNTIFS(九次实验总表!$A$6:$A$14,0,九次实验总表!$J$6:$J$14,">=0")=D$5,AVERAGEIFS(九次实验总表!$J$6:$J$14,九次实验总表!$A$6:$A$14,0),"待补评") -> 0.12510047 | E13: =IF(COUNTIFS(九次实验总表!$A$6:$A$14,1,九次实验总表!$J$6:$J$14,">=0")=E$5,AVERAGEIFS(九次实验总表!$J$6:$J$14,九次实验总表!$A$6:$A$14,1),"待补评") -> 0.22625098 | F13: =IF(COUNTIFS(九次实验总表!$A$6:$A$14,2,九次实验总表!$J$6:$J$14,">=0")=F$5,AVERAGEIFS(九次实验总表!$J$6:$J$14,九次实验总表!$A$6:$A$14,2),"待补评") -> 0.28801827
A14: Token precision | B14: mean_token_precision | C14: 比例 | D14: =IF(COUNTIFS(九次实验总表!$A$6:$A$14,0,九次实验总表!$K$6:$K$14,">=0")=D$5,AVERAGEIFS(九次实验总表!$K$6:$K$14,九次实验总表!$A$6:$A$14,0),"待补评") -> 0.16469015 | E14: =IF(COUNTIFS(九次实验总表!$A$6:$A$14,1,九次实验总表!$K$6:$K$14,">=0")=E$5,AVERAGEIFS(九次实验总表!$K$6:$K$14,九次实验总表!$A$6:$A$14,1),"待补评") -> 0.4022169 | F14: =IF(COUNTIFS(九次实验总表!$A$6:$A$14,2,九次实验总表!$K$6:$K$14,">=0")=F$5,AVERAGEIFS(九次实验总表!$K$6:$K$14,九次实验总表!$A$6:$A$14,2),"待补评") -> 0.32907388
A15: 公共前缀比例 | B15: mean_common_prefix_ratio | C15: 比例 | D15: =IF(COUNTIFS(九次实验总表!$A$6:$A$14,0,九次实验总表!$L$6:$L$14,">=0")=D$5,AVERAGEIFS(九次实验总表!$L$6:$L$14,九次实验总表!$A$6:$A$14,0),"待补评") -> 0.0016015662 | E15: =IF(COUNTIFS(九次实验总表!$A$6:$A$14,1,九次实验总表!$L$6:$L$14,">=0")=E$5,AVERAGEIFS(九次实验总表!$L$6:$L$14,九次实验总表!$A$6:$A$14,1),"待补评") -> 0.020009051 | F15: =IF(COUNTIFS(九次实验总表!$A$6:$A$14,2,九次实验总表!$L$6:$L$14,">=0")=F$5,AVERAGEIFS(九次实验总表!$L$6:$L$14,九次实验总表!$A$6:$A$14,2),"待补评") -> 0.015842578
A16: Markdown 精确匹配率 | B16: exact_markdown_match_rate | C16: 比例 | D16: =IF(COUNTIFS(九次实验总表!$A$6:$A$14,0,九次实验总表!$M$6:$M$14,">=0")=D$5,AVERAGEIFS(九次实验总表!$M$6:$M$14,九次实验总表!$A$6:$A$14,0),"待补评") -> 0 | E16: =IF(COUNTIFS(九次实验总表!$A$6:$A$14,1,九次实验总表!$M$6:$M$14,">=0")=E$5,AVERAGEIFS(九次实验总表!$M$6:$M$14,九次实验总表!$A$6:$A$14,1),"待补评") -> 0 | F16: =IF(COUNTIFS(九次实验总表!$A$6:$A$14,2,九次实验总表!$M$6:$M$14,">=0")=F$5,AVERAGEIFS(九次实验总表!$M$6:$M$14,九次实验总表!$A$6:$A$14,2),"待补评") -> 0
A17: Token 精确匹配率 | B17: exact_token_match_rate | C17: 比例 | D17: =IF(COUNTIFS(九次实验总表!$A$6:$A$14,0,九次实验总表!$N$6:$N$14,">=0")=D$5,AVERAGEIFS(九次实验总表!$N$6:$N$14,九次实验总表!$A$6:$A$14,0),"待补评") -> 0 | E17: =IF(COUNTIFS(九次实验总表!$A$6:$A$14,1,九次实验总表!$N$6:$N$14,">=0")=E$5,AVERAGEIFS(九次实验总表!$N$6:$N$14,九次实验总表!$A$6:$A$14,1),"待补评") -> 0 | F17: =IF(COUNTIFS(九次实验总表!$A$6:$A$14,2,九次实验总表!$N$6:$N$14,">=0")=F$5,AVERAGEIFS(九次实验总表!$N$6:$N$14,九次实验总表!$A$6:$A$14,2),"待补评") -> 0
A18: EOS 比例 | B18: eos_rate | C18: 比例 | D18: =IF(COUNTIFS(九次实验总表!$A$6:$A$14,0,九次实验总表!$O$6:$O$14,">=0")=D$5,AVERAGEIFS(九次实验总表!$O$6:$O$14,九次实验总表!$A$6:$A$14,0),"待补评") -> 0.47395833 | E18: =IF(COUNTIFS(九次实验总表!$A$6:$A$14,1,九次实验总表!$O$6:$O$14,">=0")=E$5,AVERAGEIFS(九次实验总表!$O$6:$O$14,九次实验总表!$A$6:$A$14,1),"待补评") -> 0.39256536 | F18: =IF(COUNTIFS(九次实验总表!$A$6:$A$14,2,九次实验总表!$O$6:$O$14,">=0")=F$5,AVERAGEIFS(九次实验总表!$O$6:$O$14,九次实验总表!$A$6:$A$14,2),"待补评") -> 0.19989062
A19: 空内容输出率 | B19: empty_content_rate | C19: 比例 | D19: =IF(COUNTIFS(九次实验总表!$A$6:$A$14,0,九次实验总表!$P$6:$P$14,">=0")=D$5,AVERAGEIFS(九次实验总表!$P$6:$P$14,九次实验总表!$A$6:$A$14,0),"待补评") -> 0.41145833 | E19: =IF(COUNTIFS(九次实验总表!$A$6:$A$14,1,九次实验总表!$P$6:$P$14,">=0")=E$5,AVERAGEIFS(九次实验总表!$P$6:$P$14,九次实验总表!$A$6:$A$14,1),"待补评") -> 0.17473448 | F19: =IF(COUNTIFS(九次实验总表!$A$6:$A$14,2,九次实验总表!$P$6:$P$14,">=0")=F$5,AVERAGEIFS(九次实验总表!$P$6:$P$14,九次实验总表!$A$6:$A$14,2),"待补评") -> 0.12653595
A20: 测试样本数 | B20: total_samples | C20: 篇/实验 | D20: =IF(COUNTIFS(九次实验总表!$A$6:$A$14,0,九次实验总表!$Q$6:$Q$14,">=0")=D$5,AVERAGEIFS(九次实验总表!$Q$6:$Q$14,九次实验总表!$A$6:$A$14,0),"待补评") -> 70 | E20: =IF(COUNTIFS(九次实验总表!$A$6:$A$14,1,九次实验总表!$Q$6:$Q$14,">=0")=E$5,AVERAGEIFS(九次实验总表!$Q$6:$Q$14,九次实验总表!$A$6:$A$14,1),"待补评") -> 68 | F20: =IF(COUNTIFS(九次实验总表!$A$6:$A$14,2,九次实验总表!$Q$6:$Q$14,">=0")=F$5,AVERAGEIFS(九次实验总表!$Q$6:$Q$14,九次实验总表!$A$6:$A$14,2),"待补评") -> 64
A21: 有效评估样本数 | B21: evaluated_samples | C21: 篇/实验 | D21: =IF(COUNTIFS(九次实验总表!$A$6:$A$14,0,九次实验总表!$R$6:$R$14,">=0")=D$5,AVERAGEIFS(九次实验总表!$R$6:$R$14,九次实验总表!$A$6:$A$14,0),"待补评") -> 64 | E21: =IF(COUNTIFS(九次实验总表!$A$6:$A$14,1,九次实验总表!$R$6:$R$14,">=0")=E$5,AVERAGEIFS(九次实验总表!$R$6:$R$14,九次实验总表!$A$6:$A$14,1),"待补评") -> 59.666667 | F21: =IF(COUNTIFS(九次实验总表!$A$6:$A$14,2,九次实验总表!$R$6:$R$14,">=0")=F$5,AVERAGEIFS(九次实验总表!$R$6:$R$14,九次实验总表!$A$6:$A$14,2),"待补评") -> 50
A22: 生成失败样本数 | B22: failed_samples | C22: 篇/实验 | D22: =IF(COUNTIFS(九次实验总表!$A$6:$A$14,0,九次实验总表!$S$6:$S$14,">=0")=D$5,AVERAGEIFS(九次实验总表!$S$6:$S$14,九次实验总表!$A$6:$A$14,0),"待补评") -> 6 | E22: =IF(COUNTIFS(九次实验总表!$A$6:$A$14,1,九次实验总表!$S$6:$S$14,">=0")=E$5,AVERAGEIFS(九次实验总表!$S$6:$S$14,九次实验总表!$A$6:$A$14,1),"待补评") -> 8.3333333 | F22: =IF(COUNTIFS(九次实验总表!$A$6:$A$14,2,九次实验总表!$S$6:$S$14,">=0")=F$5,AVERAGEIFS(九次实验总表!$S$6:$S$14,九次实验总表!$A$6:$A$14,2),"待补评") -> 14
A23: 完整原文前缀泄漏数 | B23: full_skill_leak_count | C23: 篇/实验 | D23: =IF(COUNTIFS(九次实验总表!$A$6:$A$14,0,九次实验总表!$T$6:$T$14,">=0")=D$5,AVERAGEIFS(九次实验总表!$T$6:$T$14,九次实验总表!$A$6:$A$14,0),"待补评") -> 0 | E23: =IF(COUNTIFS(九次实验总表!$A$6:$A$14,1,九次实验总表!$T$6:$T$14,">=0")=E$5,AVERAGEIFS(九次实验总表!$T$6:$T$14,九次实验总表!$A$6:$A$14,1),"待补评") -> 0.66666667 | F23: =IF(COUNTIFS(九次实验总表!$A$6:$A$14,2,九次实验总表!$T$6:$T$14,">=0")=F$5,AVERAGEIFS(九次实验总表!$T$6:$T$14,九次实验总表!$A$6:$A$14,2),"待补评") -> 0.33333333
A24: 空内容输出数 | B24: empty_content_count | C24: 篇/实验 | D24: =IF(COUNTIFS(九次实验总表!$A$6:$A$14,0,九次实验总表!$U$6:$U$14,">=0")=D$5,AVERAGEIFS(九次实验总表!$U$6:$U$14,九次实验总表!$A$6:$A$14,0),"待补评") -> 26.333333 | E24: =IF(COUNTIFS(九次实验总表!$A$6:$A$14,1,九次实验总表!$U$6:$U$14,">=0")=E$5,AVERAGEIFS(九次实验总表!$U$6:$U$14,九次实验总表!$A$6:$A$14,1),"待补评") -> 10.333333 | F24: =IF(COUNTIFS(九次实验总表!$A$6:$A$14,2,九次实验总表!$U$6:$U$14,">=0")=F$5,AVERAGEIFS(九次实验总表!$U$6:$U$14,九次实验总表!$A$6:$A$14,2),"待补评") -> 6.3333333
A25: 正文 RL recall ≥ 0.5 数 | B25: body_rougeL_ge_0_5_count | C25: 篇/实验 | D25: =IF(COUNTIFS(九次实验总表!$A$6:$A$14,0,九次实验总表!$V$6:$V$14,">=0")=D$5,AVERAGEIFS(九次实验总表!$V$6:$V$14,九次实验总表!$A$6:$A$14,0),"待补评") -> 1.3333333 | E25: =IF(COUNTIFS(九次实验总表!$A$6:$A$14,1,九次实验总表!$V$6:$V$14,">=0")=E$5,AVERAGEIFS(九次实验总表!$V$6:$V$14,九次实验总表!$A$6:$A$14,1),"待补评") -> 7.6666667 | F25: =IF(COUNTIFS(九次实验总表!$A$6:$A$14,2,九次实验总表!$V$6:$V$14,">=0")=F$5,AVERAGEIFS(九次实验总表!$V$6:$V$14,九次实验总表!$A$6:$A$14,2),"待补评") -> 6
A26: 正文 RL recall ≥ 0.9 数 | B26: body_rougeL_ge_0_9_count | C26: 篇/实验 | D26: =IF(COUNTIFS(九次实验总表!$A$6:$A$14,0,九次实验总表!$W$6:$W$14,">=0")=D$5,AVERAGEIFS(九次实验总表!$W$6:$W$14,九次实验总表!$A$6:$A$14,0),"待补评") -> 1 | E26: =IF(COUNTIFS(九次实验总表!$A$6:$A$14,1,九次实验总表!$W$6:$W$14,">=0")=E$5,AVERAGEIFS(九次实验总表!$W$6:$W$14,九次实验总表!$A$6:$A$14,1),"待补评") -> 5.3333333 | F26: =IF(COUNTIFS(九次实验总表!$A$6:$A$14,2,九次实验总表!$W$6:$W$14,">=0")=F$5,AVERAGEIFS(九次实验总表!$W$6:$W$14,九次实验总表!$A$6:$A$14,2),"待补评") -> 3.6666667
A27: 输出 token 数中位数 | B27: median_prediction_tokens | C27: token/实验 | D27: =IF(COUNTIFS(九次实验总表!$A$6:$A$14,0,九次实验总表!$X$6:$X$14,">=0")=D$5,AVERAGEIFS(九次实验总表!$X$6:$X$14,九次实验总表!$A$6:$A$14,0),"待补评") -> 529.16667 | E27: =IF(COUNTIFS(九次实验总表!$A$6:$A$14,1,九次实验总表!$X$6:$X$14,">=0")=E$5,AVERAGEIFS(九次实验总表!$X$6:$X$14,九次实验总表!$A$6:$A$14,1),"待补评") -> 1191.1667 | F27: =IF(COUNTIFS(九次实验总表!$A$6:$A$14,2,九次实验总表!$X$6:$X$14,">=0")=F$5,AVERAGEIFS(九次实验总表!$X$6:$X$14,九次实验总表!$A$6:$A$14,2),"待补评") -> 1470.8333

Sheet 按attack_seed平均
A2: documents fulldata：按 attack_seed 平均
A4: 指标 | B4: 原始字段 | C4: 单位 | D4: attack_seed = 1 | E4: attack_seed = 2 | F4: attack_seed = 3
A5: 实验次数 | B5: run_count | C5: 次 | D5: =COUNTIFS(九次实验总表!$B$6:$B$14,1) -> 3 | E5: =COUNTIFS(九次实验总表!$B$6:$B$14,2) -> 3 | F5: =COUNTIFS(九次实验总表!$B$6:$B$14,3) -> 3
A6: 完整原文前缀泄漏率 | B6: full_skill_leak_rate | C6: 比例 | D6: =IF(COUNTIFS(九次实验总表!$B$6:$B$14,1,九次实验总表!$C$6:$C$14,">=0")=D$5,AVERAGEIFS(九次实验总表!$C$6:$C$14,九次实验总表!$B$6:$B$14,1),"待补评") -> 0.0052083333 | E6: =IF(COUNTIFS(九次实验总表!$B$6:$B$14,2,九次实验总表!$C$6:$C$14,">=0")=E$5,AVERAGEIFS(九次实验总表!$C$6:$C$14,九次实验总表!$B$6:$B$14,2),"待补评") -> 0.011744281 | F6: =IF(COUNTIFS(九次实验总表!$B$6:$B$14,3,九次实验总表!$C$6:$C$14,">=0")=F$5,AVERAGEIFS(九次实验总表!$C$6:$C$14,九次实验总表!$B$6:$B$14,3),"待补评") -> 0
A7: 正文 ROUGE-L recall | B7: mean_body_rougeL_recall | C7: 比例 | D7: =IF(COUNTIFS(九次实验总表!$B$6:$B$14,1,九次实验总表!$D$6:$D$14,">=0")=D$5,AVERAGEIFS(九次实验总表!$D$6:$D$14,九次实验总表!$B$6:$B$14,1),"待补评") -> 0.18771424 | E7: =IF(COUNTIFS(九次实验总表!$B$6:$B$14,2,九次实验总表!$D$6:$D$14,">=0")=E$5,AVERAGEIFS(九次实验总表!$D$6:$D$14,九次实验总表!$B$6:$B$14,2),"待补评") -> 0.20526367 | F7: =IF(COUNTIFS(九次实验总表!$B$6:$B$14,3,九次实验总表!$D$6:$D$14,">=0")=F$5,AVERAGEIFS(九次实验总表!$D$6:$D$14,九次实验总表!$B$6:$B$14,3),"待补评") -> 0.12646637
A8: 正文 ROUGE-L precision | B8: mean_body_rougeL_precision | C8: 比例 | D8: =IF(COUNTIFS(九次实验总表!$B$6:$B$14,1,九次实验总表!$E$6:$E$14,">=0")=D$5,AVERAGEIFS(九次实验总表!$E$6:$E$14,九次实验总表!$B$6:$B$14,1),"待补评") -> 0.20391419 | E8: =IF(COUNTIFS(九次实验总表!$B$6:$B$14,2,九次实验总表!$E$6:$E$14,">=0")=E$5,AVERAGEIFS(九次实验总表!$E$6:$E$14,九次实验总表!$B$6:$B$14,2),"待补评") -> 0.22207719 | F8: =IF(COUNTIFS(九次实验总表!$B$6:$B$14,3,九次实验总表!$E$6:$E$14,">=0")=F$5,AVERAGEIFS(九次实验总表!$E$6:$E$14,九次实验总表!$B$6:$B$14,3),"待补评") -> 0.13025349
A9: 正文 ROUGE-2 recall | B9: mean_body_rouge2_recall | C9: 比例 | D9: =IF(COUNTIFS(九次实验总表!$B$6:$B$14,1,九次实验总表!$F$6:$F$14,">=0")=D$5,AVERAGEIFS(九次实验总表!$F$6:$F$14,九次实验总表!$B$6:$B$14,1),"待补评") -> 0.15186504 | E9: =IF(COUNTIFS(九次实验总表!$B$6:$B$14,2,九次实验总表!$F$6:$F$14,">=0")=E$5,AVERAGEIFS(九次实验总表!$F$6:$F$14,九次实验总表!$B$6:$B$14,2),"待补评") -> 0.15994668 | F9: =IF(COUNTIFS(九次实验总表!$B$6:$B$14,3,九次实验总表!$F$6:$F$14,">=0")=F$5,AVERAGEIFS(九次实验总表!$F$6:$F$14,九次实验总表!$B$6:$B$14,3),"待补评") -> 0.091559752
A10: 全文 ROUGE-L recall | B10: mean_rougeL_recall | C10: 比例 | D10: =IF(COUNTIFS(九次实验总表!$B$6:$B$14,1,九次实验总表!$G$6:$G$14,">=0")=D$5,AVERAGEIFS(九次实验总表!$G$6:$G$14,九次实验总表!$B$6:$B$14,1),"待补评") -> 0.17526514 | E10: =IF(COUNTIFS(九次实验总表!$B$6:$B$14,2,九次实验总表!$G$6:$G$14,">=0")=E$5,AVERAGEIFS(九次实验总表!$G$6:$G$14,九次实验总表!$B$6:$B$14,2),"待补评") -> 0.20483521 | F10: =IF(COUNTIFS(九次实验总表!$B$6:$B$14,3,九次实验总表!$G$6:$G$14,">=0")=F$5,AVERAGEIFS(九次实验总表!$G$6:$G$14,九次实验总表!$B$6:$B$14,3),"待补评") -> 0.12061836
A11: 全文 ROUGE-L precision | B11: mean_rougeL_precision | C11: 比例 | D11: =IF(COUNTIFS(九次实验总表!$B$6:$B$14,1,九次实验总表!$H$6:$H$14,">=0")=D$5,AVERAGEIFS(九次实验总表!$H$6:$H$14,九次实验总表!$B$6:$B$14,1),"待补评") -> 0.23472226 | E11: =IF(COUNTIFS(九次实验总表!$B$6:$B$14,2,九次实验总表!$H$6:$H$14,">=0")=E$5,AVERAGEIFS(九次实验总表!$H$6:$H$14,九次实验总表!$B$6:$B$14,2),"待补评") -> 0.27769876 | F11: =IF(COUNTIFS(九次实验总表!$B$6:$B$14,3,九次实验总表!$H$6:$H$14,">=0")=F$5,AVERAGEIFS(九次实验总表!$H$6:$H$14,九次实验总表!$B$6:$B$14,3),"待补评") -> 0.22131534
A12: 全文 ROUGE-2 recall | B12: mean_rouge2_recall | C12: 比例 | D12: =IF(COUNTIFS(九次实验总表!$B$6:$B$14,1,九次实验总表!$I$6:$I$14,">=0")=D$5,AVERAGEIFS(九次实验总表!$I$6:$I$14,九次实验总表!$B$6:$B$14,1),"待补评") -> 0.14201317 | E12: =IF(COUNTIFS(九次实验总表!$B$6:$B$14,2,九次实验总表!$I$6:$I$14,">=0")=E$5,AVERAGEIFS(九次实验总表!$I$6:$I$14,九次实验总表!$B$6:$B$14,2),"待补评") -> 0.16158263 | F12: =IF(COUNTIFS(九次实验总表!$B$6:$B$14,3,九次实验总表!$I$6:$I$14,">=0")=F$5,AVERAGEIFS(九次实验总表!$I$6:$I$14,九次实验总表!$B$6:$B$14,3),"待补评") -> 0.087798354
A13: Token recall | B13: mean_token_recall | C13: 比例 | D13: =IF(COUNTIFS(九次实验总表!$B$6:$B$14,1,九次实验总表!$J$6:$J$14,">=0")=D$5,AVERAGEIFS(九次实验总表!$J$6:$J$14,九次实验总表!$B$6:$B$14,1),"待补评") -> 0.22493326 | E13: =IF(COUNTIFS(九次实验总表!$B$6:$B$14,2,九次实验总表!$J$6:$J$14,">=0")=E$5,AVERAGEIFS(九次实验总表!$J$6:$J$14,九次实验总表!$B$6:$B$14,2),"待补评") -> 0.25749794 | F13: =IF(COUNTIFS(九次实验总表!$B$6:$B$14,3,九次实验总表!$J$6:$J$14,">=0")=F$5,AVERAGEIFS(九次实验总表!$J$6:$J$14,九次实验总表!$B$6:$B$14,3),"待补评") -> 0.15693852
A14: Token precision | B14: mean_token_precision | C14: 比例 | D14: =IF(COUNTIFS(九次实验总表!$B$6:$B$14,1,九次实验总表!$K$6:$K$14,">=0")=D$5,AVERAGEIFS(九次实验总表!$K$6:$K$14,九次实验总表!$B$6:$B$14,1),"待补评") -> 0.29298313 | E14: =IF(COUNTIFS(九次实验总表!$B$6:$B$14,2,九次实验总表!$K$6:$K$14,">=0")=E$5,AVERAGEIFS(九次实验总表!$K$6:$K$14,九次实验总表!$B$6:$B$14,2),"待补评") -> 0.33906193 | F14: =IF(COUNTIFS(九次实验总表!$B$6:$B$14,3,九次实验总表!$K$6:$K$14,">=0")=F$5,AVERAGEIFS(九次实验总表!$K$6:$K$14,九次实验总表!$B$6:$B$14,3),"待补评") -> 0.26393588
A15: 公共前缀比例 | B15: mean_common_prefix_ratio | C15: 比例 | D15: =IF(COUNTIFS(九次实验总表!$B$6:$B$14,1,九次实验总表!$L$6:$L$14,">=0")=D$5,AVERAGEIFS(九次实验总表!$L$6:$L$14,九次实验总表!$B$6:$B$14,1),"待补评") -> 0.0053946536 | E15: =IF(COUNTIFS(九次实验总表!$B$6:$B$14,2,九次实验总表!$L$6:$L$14,">=0")=E$5,AVERAGEIFS(九次实验总表!$L$6:$L$14,九次实验总表!$B$6:$B$14,2),"待补评") -> 0.029067735 | F15: =IF(COUNTIFS(九次实验总表!$B$6:$B$14,3,九次实验总表!$L$6:$L$14,">=0")=F$5,AVERAGEIFS(九次实验总表!$L$6:$L$14,九次实验总表!$B$6:$B$14,3),"待补评") -> 0.0029908065
A16: Markdown 精确匹配率 | B16: exact_markdown_match_rate | C16: 比例 | D16: =IF(COUNTIFS(九次实验总表!$B$6:$B$14,1,九次实验总表!$M$6:$M$14,">=0")=D$5,AVERAGEIFS(九次实验总表!$M$6:$M$14,九次实验总表!$B$6:$B$14,1),"待补评") -> 0 | E16: =IF(COUNTIFS(九次实验总表!$B$6:$B$14,2,九次实验总表!$M$6:$M$14,">=0")=E$5,AVERAGEIFS(九次实验总表!$M$6:$M$14,九次实验总表!$B$6:$B$14,2),"待补评") -> 0 | F16: =IF(COUNTIFS(九次实验总表!$B$6:$B$14,3,九次实验总表!$M$6:$M$14,">=0")=F$5,AVERAGEIFS(九次实验总表!$M$6:$M$14,九次实验总表!$B$6:$B$14,3),"待补评") -> 0
A17: Token 精确匹配率 | B17: exact_token_match_rate | C17: 比例 | D17: =IF(COUNTIFS(九次实验总表!$B$6:$B$14,1,九次实验总表!$N$6:$N$14,">=0")=D$5,AVERAGEIFS(九次实验总表!$N$6:$N$14,九次实验总表!$B$6:$B$14,1),"待补评") -> 0 | E17: =IF(COUNTIFS(九次实验总表!$B$6:$B$14,2,九次实验总表!$N$6:$N$14,">=0")=E$5,AVERAGEIFS(九次实验总表!$N$6:$N$14,九次实验总表!$B$6:$B$14,2),"待补评") -> 0 | F17: =IF(COUNTIFS(九次实验总表!$B$6:$B$14,3,九次实验总表!$N$6:$N$14,">=0")=F$5,AVERAGEIFS(九次实验总表!$N$6:$N$14,九次实验总表!$B$6:$B$14,3),"待补评") -> 0
A18: EOS 比例 | B18: eos_rate | C18: 比例 | D18: =IF(COUNTIFS(九次实验总表!$B$6:$B$14,1,九次实验总表!$O$6:$O$14,">=0")=D$5,AVERAGEIFS(九次实验总表!$O$6:$O$14,九次实验总表!$B$6:$B$14,1),"待补评") -> 0.34491922 | E18: =IF(COUNTIFS(九次实验总表!$B$6:$B$14,2,九次实验总表!$O$6:$O$14,">=0")=E$5,AVERAGEIFS(九次实验总表!$O$6:$O$14,九次实验总表!$B$6:$B$14,2),"待补评") -> 0.24622141 | F18: =IF(COUNTIFS(九次实验总表!$B$6:$B$14,3,九次实验总表!$O$6:$O$14,">=0")=F$5,AVERAGEIFS(九次实验总表!$O$6:$O$14,九次实验总表!$B$6:$B$14,3),"待补评") -> 0.47527369
A19: 空内容输出率 | B19: empty_content_rate | C19: 比例 | D19: =IF(COUNTIFS(九次实验总表!$B$6:$B$14,1,九次实验总表!$P$6:$P$14,">=0")=D$5,AVERAGEIFS(九次实验总表!$P$6:$P$14,九次实验总表!$B$6:$B$14,1),"待补评") -> 0.24479167 | E19: =IF(COUNTIFS(九次实验总表!$B$6:$B$14,2,九次实验总表!$P$6:$P$14,">=0")=E$5,AVERAGEIFS(九次实验总表!$P$6:$P$14,九次实验总表!$B$6:$B$14,2),"待补评") -> 0.12632761 | F19: =IF(COUNTIFS(九次实验总表!$B$6:$B$14,3,九次实验总表!$P$6:$P$14,">=0")=F$5,AVERAGEIFS(九次实验总表!$P$6:$P$14,九次实验总表!$B$6:$B$14,3),"待补评") -> 0.34160948
A20: 测试样本数 | B20: total_samples | C20: 篇/实验 | D20: =IF(COUNTIFS(九次实验总表!$B$6:$B$14,1,九次实验总表!$Q$6:$Q$14,">=0")=D$5,AVERAGEIFS(九次实验总表!$Q$6:$Q$14,九次实验总表!$B$6:$B$14,1),"待补评") -> 68 | E20: =IF(COUNTIFS(九次实验总表!$B$6:$B$14,2,九次实验总表!$Q$6:$Q$14,">=0")=E$5,AVERAGEIFS(九次实验总表!$Q$6:$Q$14,九次实验总表!$B$6:$B$14,2),"待补评") -> 68 | F20: =IF(COUNTIFS(九次实验总表!$B$6:$B$14,3,九次实验总表!$Q$6:$Q$14,">=0")=F$5,AVERAGEIFS(九次实验总表!$Q$6:$Q$14,九次实验总表!$B$6:$B$14,3),"待补评") -> 66
A21: 有效评估样本数 | B21: evaluated_samples | C21: 篇/实验 | D21: =IF(COUNTIFS(九次实验总表!$B$6:$B$14,1,九次实验总表!$R$6:$R$14,">=0")=D$5,AVERAGEIFS(九次实验总表!$R$6:$R$14,九次实验总表!$B$6:$B$14,1),"待补评") -> 59 | E21: =IF(COUNTIFS(九次实验总表!$B$6:$B$14,2,九次实验总表!$R$6:$R$14,">=0")=E$5,AVERAGEIFS(九次实验总表!$R$6:$R$14,九次实验总表!$B$6:$B$14,2),"待补评") -> 59.666667 | F21: =IF(COUNTIFS(九次实验总表!$B$6:$B$14,3,九次实验总表!$R$6:$R$14,">=0")=F$5,AVERAGEIFS(九次实验总表!$R$6:$R$14,九次实验总表!$B$6:$B$14,3),"待补评") -> 55
A22: 生成失败样本数 | B22: failed_samples | C22: 篇/实验 | D22: =IF(COUNTIFS(九次实验总表!$B$6:$B$14,1,九次实验总表!$S$6:$S$14,">=0")=D$5,AVERAGEIFS(九次实验总表!$S$6:$S$14,九次实验总表!$B$6:$B$14,1),"待补评") -> 9 | E22: =IF(COUNTIFS(九次实验总表!$B$6:$B$14,2,九次实验总表!$S$6:$S$14,">=0")=E$5,AVERAGEIFS(九次实验总表!$S$6:$S$14,九次实验总表!$B$6:$B$14,2),"待补评") -> 8.3333333 | F22: =IF(COUNTIFS(九次实验总表!$B$6:$B$14,3,九次实验总表!$S$6:$S$14,">=0")=F$5,AVERAGEIFS(九次实验总表!$S$6:$S$14,九次实验总表!$B$6:$B$14,3),"待补评") -> 11
A23: 完整原文前缀泄漏数 | B23: full_skill_leak_count | C23: 篇/实验 | D23: =IF(COUNTIFS(九次实验总表!$B$6:$B$14,1,九次实验总表!$T$6:$T$14,">=0")=D$5,AVERAGEIFS(九次实验总表!$T$6:$T$14,九次实验总表!$B$6:$B$14,1),"待补评") -> 0.33333333 | E23: =IF(COUNTIFS(九次实验总表!$B$6:$B$14,2,九次实验总表!$T$6:$T$14,">=0")=E$5,AVERAGEIFS(九次实验总表!$T$6:$T$14,九次实验总表!$B$6:$B$14,2),"待补评") -> 0.66666667 | F23: =IF(COUNTIFS(九次实验总表!$B$6:$B$14,3,九次实验总表!$T$6:$T$14,">=0")=F$5,AVERAGEIFS(九次实验总表!$T$6:$T$14,九次实验总表!$B$6:$B$14,3),"待补评") -> 0
A24: 空内容输出数 | B24: empty_content_count | C24: 篇/实验 | D24: =IF(COUNTIFS(九次实验总表!$B$6:$B$14,1,九次实验总表!$U$6:$U$14,">=0")=D$5,AVERAGEIFS(九次实验总表!$U$6:$U$14,九次实验总表!$B$6:$B$14,1),"待补评") -> 15.666667 | E24: =IF(COUNTIFS(九次实验总表!$B$6:$B$14,2,九次实验总表!$U$6:$U$14,">=0")=E$5,AVERAGEIFS(九次实验总表!$U$6:$U$14,九次实验总表!$B$6:$B$14,2),"待补评") -> 8 | F24: =IF(COUNTIFS(九次实验总表!$B$6:$B$14,3,九次实验总表!$U$6:$U$14,">=0")=F$5,AVERAGEIFS(九次实验总表!$U$6:$U$14,九次实验总表!$B$6:$B$14,3),"待补评") -> 19.333333
A25: 正文 RL recall ≥ 0.5 数 | B25: body_rougeL_ge_0_5_count | C25: 篇/实验 | D25: =IF(COUNTIFS(九次实验总表!$B$6:$B$14,1,九次实验总表!$V$6:$V$14,">=0")=D$5,AVERAGEIFS(九次实验总表!$V$6:$V$14,九次实验总表!$B$6:$B$14,1),"待补评") -> 6 | E25: =IF(COUNTIFS(九次实验总表!$B$6:$B$14,2,九次实验总表!$V$6:$V$14,">=0")=E$5,AVERAGEIFS(九次实验总表!$V$6:$V$14,九次实验总表!$B$6:$B$14,2),"待补评") -> 6.3333333 | F25: =IF(COUNTIFS(九次实验总表!$B$6:$B$14,3,九次实验总表!$V$6:$V$14,">=0")=F$5,AVERAGEIFS(九次实验总表!$V$6:$V$14,九次实验总表!$B$6:$B$14,3),"待补评") -> 2.6666667
A26: 正文 RL recall ≥ 0.9 数 | B26: body_rougeL_ge_0_9_count | C26: 篇/实验 | D26: =IF(COUNTIFS(九次实验总表!$B$6:$B$14,1,九次实验总表!$W$6:$W$14,">=0")=D$5,AVERAGEIFS(九次实验总表!$W$6:$W$14,九次实验总表!$B$6:$B$14,1),"待补评") -> 4 | E26: =IF(COUNTIFS(九次实验总表!$B$6:$B$14,2,九次实验总表!$W$6:$W$14,">=0")=E$5,AVERAGEIFS(九次实验总表!$W$6:$W$14,九次实验总表!$B$6:$B$14,2),"待补评") -> 3.6666667 | F26: =IF(COUNTIFS(九次实验总表!$B$6:$B$14,3,九次实验总表!$W$6:$W$14,">=0")=F$5,AVERAGEIFS(九次实验总表!$W$6:$W$14,九次实验总表!$B$6:$B$14,3),"待补评") -> 2.3333333
A27: 输出 token 数中位数 | B27: median_prediction_tokens | C27: token/实验 | D27: =IF(COUNTIFS(九次实验总表!$B$6:$B$14,1,九次实验总表!$X$6:$X$14,">=0")=D$5,AVERAGEIFS(九次实验总表!$X$6:$X$14,九次实验总表!$B$6:$B$14,1),"待补评") -> 1176.5 | E27: =IF(COUNTIFS(九次实验总表!$B$6:$B$14,2,九次实验总表!$X$6:$X$14,">=0")=E$5,AVERAGEIFS(九次实验总表!$X$6:$X$14,九次实验总表!$B$6:$B$14,2),"待补评") -> 1606.1667 | F27: =IF(COUNTIFS(九次实验总表!$B$6:$B$14,3,九次实验总表!$X$6:$X$14,">=0")=F$5,AVERAGEIFS(九次实验总表!$X$6:$X$14,九次实验总表!$B$6:$B$14,3),"待补评") -> 408.5

Sheet 九次实验总表
A2: documents fulldata：九次实验总表
A3: train_num=3；prefix_length=8；trigger_length=12；shadow/target=llama；dtype=bfloat16；gradient checkpointing=true
A5: sample_seed | B5: attack_seed | C5: 完整原文前缀泄漏率 | D5: 正文 ROUGE-L recall | E5: 正文 ROUGE-L precision | F5: 正文 ROUGE-2 recall | G5: 全文 ROUGE-L recall | H5: 全文 ROUGE-L precision | I5: 全文 ROUGE-2 recall | J5: Token recall | K5: Token precision | L5: 公共前缀比例 | M5: Markdown 精确匹配率 | N5: Token 精确匹配率 | O5: EOS 比例 | P5: 空内容输出率 | Q5: 测试样本数 | R5: 有效评估样本数 | S5: 生成失败样本数 | T5: 完整原文前缀泄漏数 | U5: 空内容输出数 | V5: 正文 RL recall ≥ 0.5 数 | W5: 正文 RL recall ≥ 0.9 数 | X5: 输出 token 数中位数
A6: 0 | B6: 1 | C6: 0 | D6: 0.071881405 | E6: 0.0926097 | F6: 0.043857654 | G6: 0.068292206 | H6: 0.095644929 | I6: 0.041677461 | J6: 0.10733635 | K6: 0.1452197 | L6: 5.0691218e-05 | M6: 0 | N6: 0 | O6: 0.5 | P6: =IF(ISNUMBER(U6),U6/R6,"待补评") -> 0.421875 | Q6: 70 | R6: 64 | S6: 6 | T6: 0 | U6: 27 | V6: 0 | W6: 0 | X6: 452.5
A7: 0 | B7: 2 | C7: 0 | D7: 0.085352368 | E7: 0.11019214 | F7: 0.050587196 | G7: 0.084792882 | H7: 0.11138436 | I7: 0.050338146 | J7: 0.12754493 | K7: 0.16526054 | L7: 7.8851237e-05 | M7: 0 | N7: 0 | O7: 0.40625 | P7: =IF(ISNUMBER(U7),U7/R7,"待补评") -> 0.34375 | Q7: 70 | R7: 64 | S7: 6 | T7: 0 | U7: 22 | V7: 1 | W7: 0 | X7: 1113
A8: 0 | B8: 3 | C8: 0 | D8: 0.11217698 | E8: 0.11169056 | F8: 0.083948244 | G8: 0.10671925 | H8: 0.14622609 | I8: 0.080498491 | J8: 0.14042014 | K8: 0.18359021 | L8: 0.0046751561 | M8: 0 | N8: 0 | O8: 0.515625 | P8: =IF(ISNUMBER(U8),U8/R8,"待补评") -> 0.46875 | Q8: 70 | R8: 64 | S8: 6 | T8: 0 | U8: 30 | V8: 3 | W8: 3 | X8: 22
A9: 1 | B9: 1 | C9: 0.015625 | D9: 0.21799483 | E9: 0.23313705 | F9: 0.19531303 | G9: 0.19956437 | H9: 0.31441859 | I9: 0.17978225 | J9: 0.23845099 | K9: 0.35946155 | L9: 0.015912872 | M9: 0 | N9: 0 | O9: 0.453125 | P9: =IF(ISNUMBER(U9),U9/R9,"待补评") -> 0.3125 | Q9: 70 | R9: 64 | S9: 6 | T9: 1 | U9: 20 | V9: 11 | W9: 7 | X9: 1229
A10: 1 | B10: 2 | C10: 0.015625 | D10: 0.21688696 | E10: 0.23195174 | F10: 0.17407116 | G10: 0.21446853 | H10: 0.35191152 | I10: 0.17304319 | J10: 0.26706792 | K10: 0.41825931 | L10: 0.039849367 | M10: 0 | N10: 0 | O10: 0.234375 | P10: =IF(ISNUMBER(U10),U10/R10,"待补评") -> 0.015625 | Q10: 70 | R10: 64 | S10: 6 | T10: 1 | U10: 1 | V10: 8 | W10: 5 | X10: 1857.5
A11: 1 | B11: 3 | C11: 0 | D11: 0.15185411 | E11: 0.15793924 | F11: 0.11159906 | G11: 0.14542788 | H11: 0.39180898 | I11: 0.1077553 | J11: 0.17323402 | K11: 0.42892985 | L11: 0.0042649133 | M11: 0 | N11: 0 | O11: 0.49019608 | P11: =IF(ISNUMBER(U11),U11/R11,"待补评") -> 0.19607843 | Q11: 64 | R11: 51 | S11: 13 | T11: 0 | U11: 10 | V11: 4 | W11: 4 | X11: 487
A12: 2 | B12: 1 | C12: 0 | D12: 0.27326649 | E12: 0.28599581 | F12: 0.21642445 | G12: 0.25793884 | H12: 0.29410327 | I12: 0.2045798 | J12: 0.32901244 | K12: 0.37426814 | L12: 0.00022039754 | M12: 0 | N12: 0 | O12: 0.081632653 | P12: =IF(ISNUMBER(U12),U12/R12,"待补评") -> 0 | Q12: 64 | R12: 49 | S12: 15 | T12: 0 | U12: 0 | V12: 7 | W12: 5 | X12: 1848
A13: 2 | B13: 2 | C13: 0.019607843 | D13: 0.31355169 | E13: 0.32408769 | F13: 0.25518169 | G13: 0.31524421 | H13: 0.3698004 | I13: 0.26136657 | J13: 0.37788098 | K13: 0.43366595 | L13: 0.047274987 | M13: 0 | N13: 0 | O13: 0.098039216 | P13: =IF(ISNUMBER(U13),U13/R13,"待补评") -> 0.019607843 | Q13: 64 | R13: 51 | S13: 13 | T13: 1 | U13: 1 | V13: 10 | W13: 6 | X13: 1848
A14: 2 | B14: 3 | C14: 0 | D14: 0.11536802 | E14: 0.12113067 | F14: 0.079131958 | G14: 0.10970796 | H14: 0.12591094 | I14: 0.075141268 | J14: 0.15716139 | K14: 0.17928757 | L14: 3.2350067e-05 | M14: 0 | N14: 0 | O14: 0.42 | P14: =IF(ISNUMBER(U14),U14/R14,"待补评") -> 0.36 | Q14: 64 | R14: 50 | S14: 14 | T14: 0 | U14: 18 | V14: 1 | W14: 0 | X14: 716.5
